Категория,Тип,Подтип,Наименование,Примечание,Атрибут,#REF!,Кол-во,Цена аренды $,Мощность,,,,
Видео,Крепление,Рама,Рама для установки экрана,,,VI_FIX_FRM,4,,,Количество,,,
Видео,Крепление,Бабочки,Комплект для крепления экрана на раму,,,VI_FIX_BTN,2,,,,,Всего наименований,478
Кабель,Сигнальный,Прочее,Комплект изеркон 30 шт линк,,,CBL_SIG_OTH,1,,,,,Нет количества,0
Видео,Крепление,Прочее,Комплект Ножки для экрана (Светодиодный пол) 56 штук,,LEGS,VI_FIX_OTH_LEGS,1,,,,,Повтор артикула,0
Видео,Оборудование,Сетевое,Комплект Extender,,Extender,VI_EQP_NET_Extender,1,,,,,Нет типа и подтипа,0
Кабель,Сигнальный,HDMI,Комплект HDMI,,,CBL_SIG_HDMI,1,,,,,Нет атрибута,29
Кабель,Сигнальный,HDMI,Комплект HDMI + 2 сплиттера,,2SPL,CBL_SIG_HDMI_2SPL,1,,,,,Кол-во по категориям,
Видео,Оборудование,Контроллер,Контроллер V1160,,V1160,VI_EQP_CTL_V1160,1,,,,,Видео,28
Видео,Оборудование,Контроллер,Контроллер V760,,V760,VI_EQP_CTL_V760,1,,,,,Кабель,80
Видео,Оборудование,Контроллер,Контроллер V960,,V960,VI_EQP_CTL_V960,2,,,,,Звук,93
Видео,Оборудование,МедиаСервер,Медиасервер S-12400F Resolume 7 (mini),,S-12400F,VI_EQP_MSV_S-12400F,1,,,,,Прочее,8
Видео,Оборудование,МедиаСервер,Медиасервер S-13900K Resolume 7,,S-13900K,VI_EQP_MSV_S-13900K,1,,,,,Сцена,182
Видео,Оборудование,МедиаСервер,Медиасервер S-8700K Resolume 7,,S-8700K,VI_EQP_MSV_S-8700K,1,,,,,Свет,52
Видео,Оборудование,Монитор,Монитор DELL  P2418HT,,P2418HT,VI_EQP_MNR_P2418HT,2,,,,,Связь,3
Видео,Оборудование,Монитор,Монитор LG 22'',,LG 22'',VI_EQP_MNR_LG 22'',1,,,,,Спецэффекты,10
Видео,Оборудование,Монитор,Монитор PHILIPS 24'',,PHILIPS 24'',VI_EQP_MNR_PHILIPS 24'',2,,,,,Электроснабжение,11
Видео,Оборудование,Монитор,Монитор PHILIPS 27'',,PHILIPS 27'',VI_EQP_MNR_PHILIPS 27'',1,,,,,Коннектор,11
Видео,Оборудование,Монитор,Монитор Touch Asus 15'',,Asus 15'',VI_EQP_MNR_Asus 15'',2,,,,,,0
Видео,Оборудование,МедиаСервер,"Ноутбук Lenovo 15.6"" Resolume 7",,Resolume 7,VI_EQP_MSV_Resolume 7,1,,,,,,
Видео,Крепление,Телевизор,Основание для TV панель LG 55'' на стойке,,Base,VI_FIX_TV_Base,2,,,,,,
Видео,Оборудование,Проектор,Проектор Nec MP-4100,,MP-4100,VI_EQP_PJR_MP-4100,2,,,,,,
Видео,Оборудование,Проектор,Проектор Nec NP-M403HG,,NP-M403HG,VI_EQP_PJR_NP-M403HG,2,,,,,,
Видео,Крепление,Проектор,Проекционное полотно 200х200см,,2х2,VI_FIX_PJR_2х2,1,,,,,,
Видео,Оборудование,Контроллер,Процессор vomall lvp909,,LVP909,VI_EQP_CTL_LVP909,1,,,,,,
Видео,Крепление,Телевизор,Труба для TV панель LG 55'' на стойке,,PIPE,VI_FIX_TV_PIPE,2,,,,,,
Видео,Оборудование,"Экран P2,6","Cветодиодный экран P2,6 (м.кв.)",10 кейсов по 2м2 + кейс кабеля и крепление,,"VI_EQP_P2,6",20,,,,,,
Видео,Оборудование,"Экран P3,91","Cветодиодный экран P3,91 (м.кв.)",7 кейсов по 3м2 и 2 кейса по 2м2 + кейс кабеля и крепление,,"VI_EQP_P3,91",25,,,,,,
Видео,Оборудование,Контроллер,LED controller MCTRL 600,,MCTRL 600,VI_EQP_CTL_MCTRL 600,1,,,,,,
Видео,Оборудование,Контроллер,MIDI контроллер AKAY,,AKAY,VI_EQP_CTL_AKAY,1,,,,,,
Видео,Оборудование,Контроллер,MIDI контроллер KORG,,KORG,VI_EQP_CTL_KORG,1,,,,,,
Видео,Оборудование,Телевизор,TV панель LG 55'' на стойке,,LG 55'',VI_EQP_TV_LG 55'',2,,,,,,
Звук,Оборудование,Микрофон,Вокальный микрофон SHURE SM58,,SM58,SND_EQP_MIC_SM58,2,5,,,,,
Звук,Оборудование,БекЛайн,Гитарная стойка,,GITAR_1,SND_EQP_BCK_GITAR_1,0,1,,,,,
Звук,Оборудование,Мониторинг,Двухканальный проводной ушной мониторинг  ROCKBOARD HA3,,HA3,SND_EQP_MON_HA3,2,,,,,,
Звук,Оборудование,Микрофон,Динамический микрофон Sennheiser e904,,E904,SND_EQP_MIC_E904,6,5,,,,,
Звук,Оборудование,Микрофон,Инструментальный микрофон Shure SM57 + А56D,,SM57 A56D,SND_EQP_MIC_SM57 A56D,2,7,,,,,
Звук,Оборудование,Микрофон,Инструментальный микрофон Shure SM57 LC + Audix Cab Grabber,,SM57 Grabber,SND_EQP_MIC_SM57 Grabber,2,7,,,,,
Звук,Оборудование,Микрофон,Конденсаторный микрофон Sennheiser e614,,E614,SND_EQP_MIC_E614,2,10,,,,,
Звук,Оборудование,Микрофон,Конденсаторный микрофон Shure SM81,,SM61,SND_EQP_MIC_SM61,2,15,,,,,
Звук,Оборудование,Микрофон,Микрофон для бас бочки  Shure Beta 52A + стойка K&M 25935,,B52A,SND_EQP_MIC_B52A,2,10,,,,,
Звук,Оборудование,Микрофон,Микрофон для бас бочки  Shure Beta 91A ,,B91A,SND_EQP_MIC_B91A,2,15,,,,,
Звук,Оборудование,Мониторинг,Одноканальный проводной ушной мониторинг  ROCKBOARD HA2,,HA2,SND_EQP_MON_HA2,4,,,,,,
Звук,Оборудование,Стулья,Стул барабанщика Gibraltar 96-8E Drum Throne,,DRUM THRONE,SND_EQP_CHA_DRUM THRONE,1,5,,,,,
Звук,Стойка,Прочее,Cтойка для тарелок Tama HC83BW,,HC83BW,SND_STAND_OTH_HC83BW,0,3,,,,,
Кабель,Звук,XLR х8,Кабель звуковой,,15,CBL_AUD_XLRx8_15,1,,,,,,
Кабель,Звук,XLR х6,Кабель звуковой,,10,CBL_AUD_XLRх6_10,2,,,,,,
Кабель,Звук,XLR,Кабель звуковой,Короб 29,5,CBL_AUD_XLR_5,29,,,,,,
Кабель,Звук,XLR,Кабель звуковой,Короб 6,3,CBL_AUD_XLR_3,6,,,,,,
Кабель,Звук,XLR,Кабель звуковой,Короб 10,"2,5","CBL_AUD_XLR_2,5",10,,,,,,
Кабель,Звук,XLR,Кабель звуковой,Короб 20,2,CBL_AUD_XLR_2,20,,,,,,
Кабель,Звук,XLR,Кабель звуковой,Короб 51,10,CBL_AUD_XLR_10,51,,,,,,
Кабель,Звук,XLR,Кабель звуковой,Короб 20,1,CBL_AUD_XLR_1,20,,,,,,
Кабель,Звук,XLR,Кабель звуковой,Кроб 24,"0,5","CBL_AUD_XLR_0,5",24,,,,,,
Кабель,Звук,SAB - TOP,Кабель звуковой,Короб 4,3,CBL_AUD_SabTop_3,4,,,,,,
Звук,Оборудование,Колонка,Акустическая система DB Technologies B-HYPE 8,,B-HYPE 8,SND_EQP_SPK_B-HYPE 8,4,5,,,,,
Звук,Оборудование,Колонка,Акустическая система DB Technologies OPERA15,,OPERA15,SND_EQP_SPK_OPERA15,4,15,,,,,
Звук,Оборудование,Колонка,Акустическая система JBL PRX625,,PRX625,SND_EQP_SPK_PRX625,2,20,,,,,
Звук,Оборудование,Колонка,Акустическая система JBL PRX710,,PRX710,SND_EQP_SPK_PRX710,4,10,,,,,
Звук,Оборудование,Колонка,Акустическая система RCF ART425,,ART425,SND_EQP_SPK_ART425,2,15,,,,,
Звук,Оборудование,Колонка,Акустическая система RCF ART712,,ART712,SND_EQP_SPK_ART712,2,15,,,,,
Звук,Оборудование,Пульт,Аналоговый микшерный пульт Behringer QX602 MP3,,QX602,SND_EQP_MXR_QX602,4,5,,,,,
Звук,Оборудование,Пульт,Аналоговый микшерный пульт Behringer X1002,,X1002,SND_EQP_MXR_X1002,1,5,,,,,
Звук,Оборудование,Пульт,Аналоговый микшерный пульт Behringer X802,,X802,SND_EQP_MXR_X802,1,5,,,,,
Звук,Оборудование,Пульт,Аналоговый микшерный пульт Behringer X802(барабанщику),,X802 (drum),SND_EQP_MXR_X802 (drum),1,5,,,,,
Звук,Оборудование,Пульт,Аналоговый микшерный пульт Soundcraft Signature 10,,Signature 10,SND_EQP_MXR_Signature 10,1,10,,,,,
Звук,Оборудование,Прочее,Антенный сплиттер T Bone,,T-Bone,SND_EQP_OTH_T-Bone,1,,,,,,
Звук,Оборудование,БекЛайн,Барабанная установка Sonor Force 2007,,Force 2007,SND_EQP_BCK_Force 2007,1,30,,,,,
Звук,Оборудование,БекЛайн,Басовый комбо усилитель AMPEG BA-210,,AMPEG BA-210,SND_EQP_BCK_AMPEG BA-210,1,15,,,,,
Звук,Оборудование,БекЛайн,Гитарный комбо усилитель FENDER Hot Rod Deluxe + Shure SM57,,FENDER,SND_EQP_BCK_FENDER,1,25,,,,,
Звук,Оборудование,БекЛайн,Гитарный комбо усилитель PEAVEY VK-112 + Shure SM57,,PEAVEY,SND_EQP_BCK_PEAVEY,1,20,,,,,
Звук,Оборудование,Микрофон,Головная гарнитура BLX14/SM35,,BLX14/SM35,SND_EQP_MIC_BLX14/SM35,3,15,,,,,
Звук,Оборудование,Микрофон,Головная гарнитура ULXP/SM35,,ULXP/SM35,SND_EQP_MIC_ULXP/SM35,4,20,,,,,
Звук,Оборудование,БекЛайн,Дибокс Mono/Stereo,,DI_BOX,SND_EQP_BCK_DI_BOX,2,3,,,,,
Звук,Оборудование,БекЛайн,Доска для клавишной стойки прямоугольник,,DESK_1,SND_EQP_BCK_DESK_1,1,,,,,,
Звук,Оборудование,БекЛайн,Доска для клавишной стойки трапеция,,DESK_2,SND_EQP_BCK_DESK_2,3,,,,,,
Звук,Оборудование,Прочее,Ката Dante для Behringer X32,,DANTE,SND_EQP_OTH_DANTE,1,20,,,,,
Звук,Оборудование,БекЛайн,Клавишная стойка двухъярусная,,KEYBOARD_2,SND_EQP_BCK_KEYBOARD_2,1,5,,,,,
Звук,Оборудование,БекЛайн,Клавишная стойка одноярусная,,KEYBOARD_1,SND_EQP_BCK_KEYBOARD_1,4,5,,,,,
Звук,Оборудование,Микрофон,Микрофон измерительный EMC8000 Beringer,,EMC8000,SND_EQP_MIC_EMC8000,1,,,,,,
Звук,Оборудование,Прочее,Модем Keenetic,,Keenetic,SND_EQP_OTH_Keenetic,1,,,,,,
Звук,Оборудование,Система управления,"Ноутбук Lenovo Sound 1 14.0""",,Sound1,SND_EQP_CPN_Sound1,1,,,,,,
Звук,Оборудование,Система управления,"Ноутбук Lenovo Sound 2 14.0""",,Sound2,SND_EQP_CPN_Sound2,1,,,,,,
Звук,Оборудование,БекЛайн,Педаль для басс бочки,,PEDAL,SND_EQP_BCK_PEDAL,1,,,,,,
Звук,Стойка,Прочее,Пипитр,,MUSIC,SND_STAND_OTH_MUSIC,2,,,,,,
Звук,Оборудование,Система управления,"Планшет iPad 10""",,IPAD10,SND_EQP_CPN_IPAD10,2,5,,,,,
Звук,Оборудование,Микрофон,Радиосистема для духовых инструментов Shure BLX14/P98H,,P98H,SND_EQP_MIC_P98H,2,50,,,,,
Звук,Оборудование,Микрофон,Радиосистема SHURE BLX4/SM58,,BLX4/SM58,SND_EQP_MIC_BLX4/SM58,7,10,,,,,
Звук,Оборудование,Микрофон,Радиосистема SHURE SLXD SM58/Beta 58A (4/2 штук),,,SND_EQP_MIC,1,,,,,,
Звук,Оборудование,Микрофон,Радиосистема SHURE SLXD/SM58,,SLXD/SM58,SND_EQP_MIC_SLXD/SM58,4,20,,,,,
Звук,Оборудование,Микрофон,Радиосистема SHURE ULXP/SM58 (4 штуки),,ULXP/SM58,SND_EQP_MIC_ULXP/SM58,1,,,,,,
Звук,Оборудование,Прочее,Доп уровень для одноярусной стойки,,,SND_EQP_OTH,2,,,,,,
Звук,Оборудование,Прочее,Роутер Mikrotik,,Mikrotik,SND_EQP_OTH_Mikrotik,1,,,,,,
Звук,Оборудование,Сабвуфер,Сабвуфер FBT Muse 218SA,,218SA,SND_EQP_SUB_218SA,4,70,,,,,
Звук,Оборудование,Сабвуфер,Сабвуфер JBL EON618S,,EON618S,SND_EQP_SUB_EON618S,1,,,,,,
Звук,Оборудование,Сабвуфер,Сабвуфер JBL PRX715XLF,,PRX715XLF,SND_EQP_SUB_PRX715XLF,2,15,,,,,
Звук,Оборудование,Сабвуфер,Сабвуфер JBL PRX718XLF,,PRX718XLF,SND_EQP_SUB_PRX718XLF,4,20,,,,,
Звук,Оборудование,Сабвуфер,Сабвуфер RCF SUB8003,,SUB8003,SND_EQP_SUB_SUB8003,6,40,,,,,
Звук,Крепление,Массив,Система установки линейного массива RCF FL-B HDL 6 (2шт),,RCF FL-B HDL 6,SND_FIX_MAS_RCF FL-B HDL 6,2,20,,,,,
Звук,Оборудование,Мониторинг,Система ушного мониторинга LD System MEI1000G2,,MEI1000G2,SND_EQP_MON_MEI1000G2,1,10,,,,,
Звук,Оборудование,Мониторинг,Система ушного мониторинга T.Bone IEM100,,,SND_EQP_MON,1,,,,,,
Звук,Оборудование,Стейдж-бокс,Стейдж-бокс Behringer S16,,S16,SND_EQP_STB_S16,2,20,,,,,
Звук,Оборудование,Стейдж-бокс,Стейдж-бокс Midas DL16,,DL16,SND_EQP_STB_DL16,2,35,,,,,
Звук,Стойка,Акустическая,"Стойка акустическая ""саб-топ"" с подъёмником K&M 21339",,K&M 21339,SND_STAND_ACU_K&M 21339,1,5,,,,,
Звук,Стойка,Акустическая,"Стойка акустическая ""саб-топ"" Gravity GP2342B",,GP2342B,SND_STAND_ACU_GP2342B,2,"1,5",,,,,
Звук,Стойка,Акустическая,"Стойка акустическая ""саб-топ"" K&M 21334 (0,5м)",,K&M 21334,SND_STAND_ACU_K&M 21334,1,"1,5",,,,,
Звук,Стойка,Акустическая,"Стойка акустическая ""саб-топ"" K&M 21367",,K&M 21367,SND_STAND_ACU_K&M 21367,1,"2,5",,,,,
Звук,Стойка,Акустическая,"Стойка акустическая ""саб-топ"" Milleniym B-2001",,Milleniym B-2001,SND_STAND_ACU_Milleniym B-2001,1,,,,,,
Звук,Стойка,Акустическая,"Стойка акустическая ""cтандарт"" K&M 21435",,K&M 21435,SND_STAND_ACU_K&M 21435,9,"2,5",,,,,
Звук,Стойка,Микрофонная,Стойка для микрофона бас бочки,,,SND_STAND_MCR,1,,,,,,
Звук,Стойка,Гитарная,Стойка для Гитары Акмуз,,Akmuz,SND_STAND_GTR_Akmuz,1,,,,,,
Звук,Стойка,Гитарная,Стойка для Гитары Геркулес,,Gerkules,SND_STAND_GTR_Gerkules,1,,,,,,
Звук,Стойка,Гитарная,Стойка для Гитары Милениум,,Millennium,SND_STAND_GTR_Millennium,2,,,,,,
Звук,Стойка,Микрофонная,Стойка для микрофона комбоусилителя,,СOMBO,SND_STAND_MCR_СOMBO,2,,,,,,
Звук,Стойка,Микрофонная,"Стойка микрофонная тип ""Журавль"" K&M 27105 (2 Штук)",,K&M 27105(2),SND_STAND_MCR_K&M 27105(2),2,,,,,,
Звук,Стойка,Микрофонная,"Стойка микрофонная тип ""Журавль"" K&M 27105 (6 Штук)",,K&M 27105(6),SND_STAND_MCR_K&M 27105(6),2,,,,,,
Звук,Стойка,Микрофонная,"Стойка микрофонная тип ""Прямая"" на круглом основании  K&M 26050",,K&M 26050,SND_STAND_MCR_K&M 26050,1,2,,,,,
Звук,Стойка,Микрофонная,"Стойка микрофонная тип ""Прямая"" на круглом основании  K&M 26085 ""Soft Touch""",,K&M 26085,SND_STAND_MCR_K&M 26085,2,2,,,,,
Звук,Стойка,Прочее,Стойка под комбоусилитесь,,Kombousilitel',SND_STAND_OTH_Kombousilitel',2,,,,,,
Звук,Стойка,Прочее,Стойка под сольный барабан,,Sol'nyy baraban,SND_STAND_OTH_Sol'nyy baraban,1,,,,,,
Звук,Оборудование,Стулья,Стул для клавишника,,Klavishnik,SND_EQP_CHA_Klavishnik,1,,,,,,
Звук,Оборудование,Колонка,Сценический монитор FBT VENTIS 115MA,,VENTIS 115MA,SND_EQP_SPK_VENTIS 115MA,6,25,,,,,
Звук,Оборудование,Колонка,Сценический монитор JBL EON 612,,EON 612,SND_EQP_SPK_EON 612,2,10,,,,,
Звук,Оборудование,Пульт,Цифровой микшерный пульт Behringer Flow 8,,Flow 8,SND_EQP_MXR_Flow 8,1,10,,,,,
Звук,Оборудование,Пульт,Цифровой микшерный пульт Behringer X32 Compact,,X32 Compact,SND_EQP_MXR_X32 Compact,1,65,,,,,
Звук,Оборудование,Пульт,Цифровой микшерный пульт Behringer X32R,,X32R,SND_EQP_MXR_X32R,2,30,,,,,
Звук,Оборудование,Пульт,Цифровой микшерный пульт Midas M32 Live,,M32 Live,SND_EQP_MXR_M32 Live,1,150,,,,,
Звук,Оборудование,Прочее,Широкополосная антена УВЧ,,ANTENNA,SND_EQP_OTH_ANTENNA,2,,,,,,
Звук,Оборудование,Массив,Элемент линейного массива RCF HDL6-A,,RCF HDL6-A,SND_EQP_MAS_RCF HDL6-A,20,30,,,,,
Звук,Оборудование,DJ,DJ контроллер Pioneer DDJ-SB3,,DDJ-SB3,SND_EQP_DJ_DDJ-SB3,1,,,,,,
Звук,Оборудование,DJ,DJ контроллер Pioneer DDJ-SSX2,,DDJ-SSX2,SND_EQP_DJ_DDJ-SSX2,1,,,,,,
Звук,Оборудование,Прочее,XLR Extender,,XLR_EXTENDER,SND_EQP_OTH_XLR_EXTENDER,2,,,,,,
Прочее,Такелаж,Рампа,Трап 4м,,4,OTH_RIG_RMP_4,1,,,,,,
Прочее,Такелаж,Рампа,Трап 2м,,2,OTH_RIG_RMP_2,1,,,,,,
Прочее,Защита,,Огнетушитель,,,OTH_PRO,4,,,,,,
Сцена,Прочее,Доски и навершия,Доска Большая,,25,SCN_OTH_BOARD_25,45,,,,,,
Сцена,Прочее,Доски и навершия,Доска Глянец,,GLOSS,SCN_OTH_BOARD_GLOSS,31,,,,,,
Сцена,Прочее,Доски и навершия,Доска Маленькая,,15,SCN_OTH_BOARD_15,156,,,,,,
Звук,Стойка,Прочее,Комплект стаканов для стоек,,FSTNES,SND_STAND_OTH_FSTNES,1,,,,,,
Сцена,Прочее,Доски и навершия,Навершие на ферму K4-290,,HEAD,SCN_OTH_BOARD_HEAD,4,,,,,,
Сцена,Прочее,Пригруз,Пригруз 20 кг,,20kg,SCN_OTH_CARGO_20kg,4,,,,,,
Сцена,Прочее,Пригруз,Пригруз 30 кг,,30kg,SCN_OTH_CARGO_30kg,4,,,,,,
Сцена,Прочее,Пригруз,Пригруз 5 кг,,5kg,SCN_OTH_CARGO_5kg,3,,,,,,
Свет,Оборудование,Блиндер,Блиндер Blinder X2 LED-S16C IP,,LED,LGT_EQP_BLD_LED,8,,,,,,
Свет,Оборудование,Блиндер,Блиндер Showtec Stage Blinder X2 1300W Lamp,1 кейс 10 штук,X2,LGT_EQP_BLD_X2,1,10,,,,,
Свет,Оборудование,Блиндер,Блиндер Showtec Stage Blinder X4 2600W Lamp,1 кейс вместе с Х2 количество 4,X4,LGT_EQP_BLD_X4,1,15,,,,,
Свет,Оборудование,Вентилятор,Вентилятор FAN400,,FAN400,LGT_EQP_FAN_FAN400,2,,,,,,
Свет,Оборудование,Дым,Генератор тумана Haze DJ -700,,DJ -700,LGT_EQP_FOG_DJ -700,2,,,,,,
Свет,Оборудование,Дым,Генератор тумана Haze-2100,,Haze-2100,LGT_EQP_FOG_Haze-2100,4,15,,,,,
Свет,Оборудование,Дым,Генератор тумана MAINFX W-HAZE,,W-HAZE,LGT_EQP_FOG_W-HAZE,2,30,,,,,
Свет,Оборудование,Прочее,Диско ШАР с мотором,,SPHERE,LGT_EQP_OTH_SPHERE,2,,,,,,
Свет,Расходники,Дым,Жиждоксть D-1,,D-1,LGT_EXP_FOG_D-1,1,,,,,,
Свет,Расходники,Дым,Жиждоксть D-2,,D-2,LGT_EXP_FOG_D-2,1,,,,,,
Свет,Расходники,Дым,Жиждоксть F-1,,F-1,LGT_EXP_FOG_F-1,1,,,,,,
Свет,Расходники,Дым,Жиждоксть X-1,,X-1,LGT_EXP_FOG_X-1,1,,,,,,
Свет,Оборудование,Прочее,Клавиатура Logitech,,KEYBRD1,LGT_EQP_OTH_KEYBRD1,2,,,,,,
Свет,Оборудование,Прочее,Клавиатура Logitech с тачпад,,KEYBRD2,LGT_EQP_OTH_KEYBRD2,2,,,,,,
Свет,Оборудование,Прочее,Комплект wifi dmx + сплитер,,WIFI,LGT_EQP_OTH_WIFI,1,,,,,,
Свет,Оборудование,Дым,Масляный генератор тумана  MAINFX G-HAZE + CO2,,G-HAZE,LGT_EQP_FOG_G-HAZE,1,60,,,,,
Свет,Оборудование,Система управления,Мini PC 1 белый,,MINIPC W,LGT_EQP_CPN_MINIPC W,1,,,,,,
Свет,Оборудование,Система управления,Mini PC 2 черный,,MINIOC B,LGT_EQP_CPN_MINIOC B,1,,,,,,
Свет,Оборудование,Система управления,"Моноблок 24""",,PC,LGT_EQP_CPN_PC,1,,,,,,
Свет,Оборудование,Система управления,"Ноутбук Lenovo Light 1 14.0""",,Light 1,LGT_EQP_CPN_Light 1,1,,,,,,
Свет,Оборудование,Система управления,"Ноутбук Lenovo Light 2 14.0""",,Light 2,LGT_EQP_CPN_Light 2,1,,,,,,
Свет,Оборудование,Система управления,"Ноутбук Lenovo Light 3 14.0""",,Light 3,LGT_EQP_CPN_Light 3,1,,,,,,
Свет,Оборудование,Ламповая голова,Прибор полного вращения BEAM 7R 230W Lamp,8 кейсов по 2 в одном 2 трупа,7R,LGT_EQP_LHD_7R,8,10,,,,,
Свет,Оборудование,Ламповая голова,Прибор полного вращения BEAM SPL-MHL-380 IP,,380IP,LGT_EQP_LHD_380IP,16,20,,,,,
Свет,Оборудование,Ламповая голова,Прибор полного вращения Hybrid 11R 280W Lamp,4 кейса по 2,11R,LGT_EQP_LHD_11R,4,15,,,,,
Свет,Оборудование,Светодиодная голова,Прибор полного вращения LED WASH 19x15 RGBW ZOOM L4M,4 кейса по 4 1 труп,19x15 L4M,LGT_EQP_LED_19x15 L4M,4,,,,,,
Свет,Оборудование,Светодиодная голова,Прибор полного вращения LED WASH 19x15 RGBW ZOOM NEW,3 кейса по 4 в одном (17-20) труп,19x15 NEW,LGT_EQP_LED_19x15 NEW,3,,,,,,
Свет,Оборудование,Светодиодная голова,Прибор полного вращения LED WASH SPL-1940B B-EYE,,SPL-1940B,LGT_EQP_LED_SPL-1940B,4,20,,,,,
Свет,Оборудование,Светодиодная голова,Прибор полного вращения LED WASH SPL-1940BW В-EYE IP,,SPL-1940BW,LGT_EQP_LED_SPL-1940BW,36,25,,,,,
Свет,Оборудование,Светодиодная голова,Прибор полного вращения LED WASH SPL-740B B-EYE,,SPL-740B,LGT_EQP_LED_SPL-740B,52,10,,,,,
Свет,Оборудование,Ламповая голова,Прибор полного вращения LIGHT SKY BEAM MINI LUNAR,,MINI LUNAR,LGT_EQP_LHD_MINI LUNAR,24,20,,,,,
Свет,Оборудование,Следящий прожектор,Прожектор следящего света FOLLOWSPOT HMI1200,кейс,FOLOWSPOT,LGT_EQP_MHS_FOLOWSPOT,2,15,,,,,
Свет,Оборудование,Ламовый прожектор,Прожектор SunStrip Active 10x50W Lamp (по 2),,SUNSTRIP,LGT_EQP_LMP_SUNSTRIP,5,,,,,,
Свет,Стойка,,"Световая стойка 3м + ""T-бар""",,T-BAR,LGT_STAND_T-BAR,12,"2,5",,,,,
Свет,Оборудование,Светодиодный прожектор,Светодиодная полоса EVOLIGHTS PIXELBAR 1010 RGBW,,PIXEL1010,LGT_EQP_LPR_PIXEL1010,23,5,,,,,
Свет,Оборудование,Светодиодный прожектор,Светодиодная полоса PIXELBAR 80 35in,,PIXEL80,LGT_EQP_LPR_PIXEL80,1,,,,,,
Свет,Оборудование,Светодиодный прожектор,Светодиодный прожектор Cameo Matrix 5x5 100w,2 кейса по 8 и 4 сумки по 2,MATRIX,LGT_EQP_LPR_MATRIX,24,10,,,,,
Свет,Оборудование,Светодиодный прожектор,Светодиодный прожектор LED PAR 14x10 RGBW,,14x10,LGT_EQP_LPR_14x10,32,5,,,,,
Свет,Оборудование,Светодиодный прожектор,Светодиодный прожектор LED PAR 18x18 RGBWAUV IP,,18x18,LGT_EQP_LPR_18x18,40,10,,,,,
Свет,Оборудование,Светодиодный прожектор,Светодиодный прожектор LED PAR 18x3 RGB,6 штук сверху,18x3,LGT_EQP_LPR_18x3,6,5,,,,,
Свет,Оборудование,Светодиодный прожектор,Светодиодный прожектор SPL-LED-4410IP WASHER,2 кейса по 4,4410IP,LGT_EQP_LPR_4410IP,2,15,,,,,
Свет,Оборудование,Светодиодный прожектор,Светодиодный прожектор STROBE RGBW SPL-960В,,SPL-960В,LGT_EQP_LPR_SPL-960В,124,5,,,,,
Свет,Оборудование,Система управления,Система управления светом ChamSys Mini Connect,,CS-Mini,LGT_EQP_CPN_CS-Mini,1,25,,,,,
Свет,Оборудование,Система управления,Система управления светом ChamSys PS WYNG,,CS-PC,LGT_EQP_CPN_CS-PC,2,30,,,,,
Свет,Оборудование,Система управления,Система управления светом MA LIGHTING GRANDMA2 Command Wing ,,MA2-Cmd,LGT_EQP_CPN_MA2-Cmd,2,,,,,,
Свет,Оборудование,Система управления,Система управления светом MA LIGHTING GRANDMA2 Fader Wing,,MA2-Fdr,LGT_EQP_CPN_MA2-Fdr,2,,,,,,
Свет,Оборудование,Стейдж-бокс,Стейдж-бокс DMX Showtec  Net - 8/3,,Net-8/3,LGT_EQP_STB_Net-8/3,2,15,,,,,
Свет,Оборудование,Стороскоб,Стробоскоп Atomic 3000W Lamp,,ATOMIC,LGT_EQP_STR_ATOMIC,9,15,,,,,
Свет,Оборудование,ArtNet,Цифровой мультикор DMX Showtec  Net - 2/3 (ArtNet),,Net-2/3,LGT_EQP_ART_Net-2/3,7,,,,,,
Свет,Оборудование,Звёздное небо,"Элемент декора ""Звёздное небо"" 12x4m",,12x4,LGT_EQP_GAL_12x4,1,80,,,,,
Свет,Оборудование,Звёздное небо,"Элемент декора ""Звёздное небо"" 6x3m",,6x3,LGT_EQP_GAL_6x3,1,30,,,,,
Свет,Оборудование,Звёздное небо,"Элемент декора ""Звёздное небо"" 8x4m",,8x4,LGT_EQP_GAL_8x4,5,50,,,,,
Кабель,Свет,DMX,Кабель световой,кейс 50 + резерв 48,5,CBL_LGT_DMX_5,98,,,,,,
Кабель,Свет,DMX,Кабель световой,кейс 140 + резерв 180,2,CBL_LGT_DMX_2,320,,,,,,
Кабель,Свет,DMX,Кабель световой,кейс 40,10,CBL_LGT_DMX_10,40,,,,,,
Кабель,Свет,DMX,Кабель световой,короб 60 + резерв 60,1,CBL_LGT_DMX_1,120,,,,,,
Связь,Оборудование,Рация,Рация Baofeng + Тангент (КОМП 6 ШТУК),,,CNX_EQP_RAD,2,,,,,,
Связь,Оборудование,Интерком,Система двухстороней связи Интерком Moma PRO 4 абонента,,PRO 4,CNX_EQP_ICM_PRO 4,1,,,,,,
Связь,Оборудование,Интерком,Система двухстороней связи Интерком Moma PRO 8 абонентов,,PRO 8,CNX_EQP_ICM_PRO 8,1,,,,,,
Кабель,Сигнальный,Оптика х4,Кабель сигнальный,,150,CBL_SIG_FOCх4_150,2,,,,,,
Кабель,Сигнальный,Оптика х2,Кабель сигнальный,,150,CBL_SIG_FOCх2_150,1,,,,,,
Кабель,Сигнальный,CAT 7e,Кабель сигнальный,,70,CBL_SIG_CAT7е_70,1,,,,,,
Кабель,Сигнальный,CAT 7e,Кабель сигнальный,,100,CBL_SIG_CAT7е_100,2,,,,,,
Кабель,Сигнальный,CAT 6eХ4,Кабель сигнальный,,30,CBL_SIG_CAT6eХ4_30,4,,,,,,
Кабель,Сигнальный,CAT 6eХ4,Кабель сигнальный,,20,CBL_SIG_CAT6eХ4_20,4,,,,,,
Кабель,Сигнальный,CAT 6eХ4,Кабель сигнальный,,15,CBL_SIG_CAT6eХ4_15,4,,,,,,
Кабель,Сигнальный,CAT 6eХ2,Кабель сигнальный,,50,CBL_SIG_CAT6eХ2_50,1,,,,,,
Кабель,Сигнальный,CAT 6eХ2,Кабель сигнальный,,20,CBL_SIG_CAT6eХ2_20,1,,,,,,
Кабель,Сигнальный,CAT 6eХ2,Кабель сигнальный,,15,CBL_SIG_CAT6eХ2_15,5,,,,,,
Кабель,Сигнальный,CAT 6e,Кабель сигнальный,,5,CBL_SIG_CAT6е_5,8,,,,,,
Кабель,Сигнальный,CAT 6e,Кабель сигнальный,,20,CBL_SIG_CAT6е_20,2,,,,,,
Кабель,Сигнальный,CAT 6e,Кабель сигнальный,,15,CBL_SIG_CAT6е_15,2,,,,,,
Кабель,Сигнальный,CAT 6e,Кабель сигнальный,,100,CBL_SIG_CAT6е_100,8,,,,,,
Кабель,Сигнальный,CAT 6e,Кабель сигнальный,,10,CBL_SIG_CAT6е_10,8,,,,,,
Кабель,Сигнальный,CAT 5e,Кабель сигнальный,,100,CBL_SIG_CAT5e_100,7,,,,,,
Спецэффекты,Расходники,CO2,Баллон СО2 10л,,10L,SFX_EXP_CO2_10L,3,,,,,,
Спецэффекты,Расходники,CO2,Баллон СО2 20л,,20L,SFX_EXP_CO2_20L,5,,,,,,
Спецэффекты,Расходники,CO2,Баллон СО2 40л,,40L,SFX_EXP_CO2_40L,7,,,,,,
Спецэффекты,Оборудование,,Генератор холодных искр V-1 Spark Machine с порошком,,SPARK,SFX_EQP_SPARK,4,,,,,,
Спецэффекты,Оборудование,,Криоджет СО2,,CO2,SFX_EQP_CO2,4,,,,,,
Спецэффекты,Оборудование,Система управления,Пульт дистанционного управления DMX 191-1 (Расчёска),,DMX 191-1,SFX_EQP_CPN_DMX 191-1,1,,,,,,
Спецэффекты,Оборудование,Система управления,Пульт дистанционного управления DMX 24 канала,,DMX 24,SFX_EQP_CPN_DMX 24,2,,,,,,
Спецэффекты,Оборудование,,Тяжёлый дым ,"Холодильная камера
Дым машина
Комплектующие (кейс)",Heavy smoke,SFX_EQP_Heavy smoke,1,,,,,,
Спецэффекты,Оборудование,Прочее,Betex Switch 1 ch,,SWITCH 1CH,SFX_EQP_OTH_SWITCH 1CH,1,,,,,,
Спецэффекты,Оборудование,Прочее,ShowTech MultiShitch,,SWITCH 4CH,SFX_EQP_OTH_SWITCH 4CH,1,,,,,,
Сцена,Сценическая конструкция,Тент,Тент двухскат 8х6,,8x6,SCN_ROOF_TENT_8x6,1,,,,,,
Сцена,Сценическая конструкция,Тент,Тент двухскат 7х5,,7x5,SCN_ROOF_TENT_7x5,2,,,,,,
Сцена,Сценическая конструкция,Тент,Тент односкат 6х4,,6x4,SCN_ROOF_TENT_6x4,1,,,,,,
Сцена,Сценическая конструкция,Тент,Тент односкат 5х4 с коньком,,5x4 (конёк),SCN_ROOF_TENT_5x4 (конёк),1,,,,,,
Сцена,Сценическая конструкция,Тент,Тент односкат 5х4,,5x4,SCN_ROOF_TENT_5x4,1,,,,,,
Сцена,Сценическая конструкция,Тент,Тент двухскат 12х10,,12x10,SCN_ROOF_TENT_12x10,1,,,,,,
Сцена,Сценическая конструкция,Сетка,Черная текстильная сетка задник (10х12м),,12x10_BACK,SCN_ROOF_FABNET_12x10_BACK,1,,,,,,
Сцена,Сценическая конструкция,Сетка,Черная текстильная сетка по 3-м сторонам (5х4м),,5х4,SCN_ROOF_FABNET_5х4,1,,,,,,
Сцена,Сценическая конструкция,Сетка,Черная текстильная сетка по 3-м сторонам (7х5м),,7х5,SCN_ROOF_FABNET_7х5,1,,,,,,
Сцена,Сценическая конструкция,Сетка,"Черная текстильная сетка по 3-м сторонам (8,7х6,5м)",,8х6,SCN_ROOF_FABNET_8х6,1,,,,,,
Сцена,Сценическая конструкция,Сетка,Черная текстильная сетка по бокам (10х12м),,12x10_SIDE,SCN_ROOF_FABNET_12x10_SIDE,1,,,,,,
Сцена,Сценическая конструкция,Ткань,Бархат,,BARHAT,SCN_ROOF_FAB_BARHAT,1,,,,,,
Сцена,Прочее,,Чехол для Еврокуба (черный) (комплект 2 штуки),,CASE_CUBE,SCN_OTH_CASE_CUBE,3,,,,,,
Сцена,Такелаж,Тросс,Трос метталический,,5,SCN_RIG_ROPE_5,8,,,,,,
Сцена,Такелаж,Тросс,Трос метталический,,4,SCN_RIG_ROPE_4,8,,,,,,
Сцена,Такелаж,Тросс,Трос метталический,,3,SCN_RIG_ROPE_3,8,,,,,,
Сцена,Такелаж,Тросс,Трос метталический,,10,SCN_RIG_ROPE_10,4,,,,,,
Сцена,Такелаж,Прочее,Вышка - Тура 8м,,TURA,SCN_RIG_OTH_TURA,1,,,,,,
Сцена,Такелаж,,Кейс FOR Reeging," (16а 15,20,25.30 по 4 шт)
Переходник Harting 16a4x (Роза)
GriGri
2 Верёвки
Каска",N1,SCN_RIG_N1,1,,,,,,
Сцена,Такелаж,,Кейс ОБВЯЗКА,"Страховочная обвязка 2
Жилет светоотражающий 2
Верёвка 2",N2,SCN_RIG_N2,1,,,,,,
Сцена,Такелаж,,Спансеты и Чекеля 1т ,,1T,SCN_RIG_1T,3,,,,,,
Сцена,Такелаж,,Спансеты и Чекеля 2т ,,2T,SCN_RIG_2T,2,,,,,,
Сцена,Крепление,Коннектор,Комплект коннекторов чемодан 10,,10pc,SCN_FIX_СON_10pc,1,,,,,,
Сцена,Труба,Проточенная,Труба проточенная,,3,SCN_PIPE_(P)_3,5,,,,,,
Сцена,Труба,SILVER,Труба серебрянная,,3,SCN_PIPE_(S)_3,12,,,,,,
Сцена,Ферма серебрянная,Облегчённая,Ферма K4-290 3 серебрянная облегченная,,3,SCN_FARM(S)_290_NB_3,4,,,,,,
Сцена,Ферма серебрянная,Столбовая,Ферма K4-290 3 серебрянная столбовая,,3,SCN_FARM(S)_290_OC_3,12,,,,,,
Сцена,Ферма чёрная,Облегчённая,Ферма K4-290 3 черная облегченная,,3,SCN_FARM(B)_290_NB_3,4,,,,,,
Сцена,Ферма серебрянная,Cтолбовая (390),Ферма K4-390 3 серебрянная,,3,SCN_FARM(S)_390_OC_3,12,,,,,,
Сцена,Труба,SILVER,Труба серебрянная,,2.75,SCN_PIPE_(S)_2.75,2,,,,,,
Сцена,Труба,Проточенная,Труба проточенная,,"2,75","SCN_PIPE_(P)_2,75",2,,,,,,
Сцена,Труба,Проточенная,Труба проточенная,,"2,5","SCN_PIPE_(P)_2,5",5,,,,,,
Сцена,Труба,SILVER,Труба серебрянная,,"2,5","SCN_PIPE_(S)_2,5",16,,,,,,
Сцена,Ферма серебрянная,Облегчённая,"Ферма K4-290 2,5 серебрянная",,"2,5","SCN_FARM(S)_290_NB_2,5",8,,,,,,
Сцена,Ферма чёрная,Облегчённая,"Ферма K4-290 2,5 черная",,"2,5","SCN_FARM(B)_290_NB_2,5",4,,,,,,
Сцена,Ферма серебрянная,Cтолбовая (390),"Ферма K4-390 2,5 серебрянная",,"2,5","SCN_FARM(S)_390_OC_2,5",7,,,,,,
Сцена,Труба,BLACK,Труба чёрная ,,2,SCN_PIPE_(B)_2,8,,,,,,
Сцена,Ферма серебрянная,Cтолбовая (390),Ферма 390 2 серебрянная,,2,SCN_FARM(S)_390_OC_2,4,,,,,,
Сцена,Прочее,Ремни и спанфиксы,"Ремень с трещёткой 15,5м",,"15,5","SCN_OTH_BELT_15,5",24,,,,,,
Сцена,Прочее,Ремни и спанфиксы,"Ремень с трещёткой 9,5м",,"9,5","SCN_OTH_BELT_9,5",8,,,,,,
Сцена,Прочее,Ремни и спанфиксы,Ремень с трещёткой оранжевый 1м,,1_O,SCN_OTH_BELT_1_O,18,,,,,,
Сцена,Прочее,Ремни и спанфиксы,"Ремень кожанный 0,2м (10 штук)",,"0,2_W","SCN_OTH_BELT_0,2_W",12,,,,,,
Сцена,Прочее,Ремни и спанфиксы,Ремень чёрный 1м (10 штук),,1_B,SCN_OTH_BELT_1_B,16,,,,,,
Сцена,Прочее,Ремни и спанфиксы,"Ремень чёрный 0,5м (10 штук)",,"0,5_B","SCN_OTH_BELT_0,5_B",18,,,,,,
Сцена,Труба,SILVER,Труба серебрянная,,"1,5","SCN_PIPE_(S)_1,5",4,,,,,,
Сцена,Труба,BLACK,Труба чёрная ,,"1,5","SCN_PIPE_(B)_1,5",8,,,,,,
Сцена,Ферма серебрянная,Cтолбовая (390),"Ферма 390 1,5 серебрянная",,"1,5","SCN_FARM(S)_390_OC_1,5",4,,,,,,
Сцена,Подиум,Ограждение,Ограждение сцены 2м,,2,SCN_PDM_FENC_2,24,,,,,,
Сцена,Подиум,Ограждение,Ограждение сцены 1м,,1,SCN_PDM_FENC_1,4,,,,,,
Сцена,Сценическая конструкция,Прочее,"Распорка 1,5м (соединение крыши и башни)",,"RASP_1,5","SCN_ROOF_OTH_RASP_1,5",12,,,,,,
Сцена,Сценическая конструкция,Прочее,Распорка 1м (соединение крыши и башни),,RASP_1,SCN_ROOF_OTH_RASP_1,16,,,,,,
Сцена,Труба,BLACK,Труба чёрная ,,1,SCN_PIPE_(B)_1,8,,,,,,
Сцена,Ферма серебрянная,Облегчённая,Ферма K4-290 1 метр серебрянная облегчённая,,1,SCN_FARM(S)_290_NB_1,4,,,,,,
Сцена,Ферма серебрянная,Столбовая,Ферма K4-290 1 метр серебрянная столбовая ,,1,SCN_FARM(S)_290_OC_1,8,,,,,,
Сцена,Ферма серебрянная,Угловой блок,"Угловой блок K4-290 Т-образный 1х0,5м ",,1,SCN_FARM(S)_CORNER BLOCK_1,8,,,,,,
Сцена,Ферма чёрная,Облегчённая,Ферма K4-290 1м черная облегчённая,,1,SCN_FARM(B)_290_NB_1,8,,,,,,
Сцена,Ферма серебрянная,Угловой блок 390,"Угловой блок K4-390 Т-образный 1x0,6м",,"1х0,6","SCN_FARM(S)_CORNER BLOCK_390_1х0,6",2,,,,,,
Сцена,Ферма серебрянная,Cтолбовая (390),Ферма K4-390 1м серебрянная,,1,SCN_FARM(S)_390_OC_1,2,,,,,,
Сцена,Ферма серебрянная,Угловой блок,"Угловой блок K4-290 0,8х0,8м ",,"0,8х0,8","SCN_FARM(S)_CORNER BLOCK_0,8х0,8",2,,,,,,
Сцена,Ферма серебрянная,Угловой блок,"Угловой блок K4-290 0,8x0,8x0,55м ",,"0,8x0,8х0,55","SCN_FARM(S)_CORNER BLOCK_0,8x0,8х0,55",4,,,,,,
Сцена,Ферма чёрная,Угловой блок,"Угловой блок K4-290 0,8х0,8м чёрный",,"0,8х0,8","SCN_FARM(B)_CORNER BLOCK_0,8х0,8",4,,,,,,
Сцена,Труба,BLACK,Труба чёрная ,,"0,75","SCN_PIPE_(B)_0,75",8,,,,,,
Сцена,Ферма серебрянная,Облегчённая,"Ферма K4-290 0,75м серебрянная облегчённая",,"0,75","SCN_FARM(S)_290_NB_0,75",12,,,,,,
Сцена,Ферма серебрянная,Cтолбовая (390),"Ферма K4-390 0,74м серебрянная",,"0,74","SCN_FARM(S)_390_OC_0,74",2,,,,,,
Сцена,Ферма серебрянная,Угловой блок,"Угловой блок K4-290 Т-образный 0,71х0,5м ",,"0,71","SCN_FARM(S)_CORNER BLOCK_0,71",2,,,,,,
Сцена,Труба,Проточенная,Труба проточенная,,"0,5","SCN_PIPE_(P)_0,5",4,,,,,,
Сцена,Труба,BLACK,Труба чёрная ,,"0,5","SCN_PIPE_(B)_0,5",8,,,,,,
Сцена,Ферма серебрянная,Угловой блок,"Угловой блок K4-290 0,5x0,5м",,"0,5","SCN_FARM(S)_CORNER BLOCK_0,5",4,,,,,,
Сцена,Труба,BLACK,Труба чёрная ,,"0,25","SCN_PIPE_(B)_0,25",7,,,,,,
Сцена,Сценическая конструкция,Cистема подъёма,Блок под эл.лебедку/ручную таль (бошка),,HEAD,SCN_ROOF_LIFT_STM_HEAD,13,,,,,,
Сцена,Прочее,Основание(блин),"Блин 0,5 (по 2 штуки)",,50,SCN_OTH_BASE_50,8,,,,,,
Сцена,Прочее,Основание(блин),"Блин 0,6",,60,SCN_OTH_BASE_60,12,,,,,,
Сцена,Прочее,Основание(блин),"Блин 0,8",,80,SCN_OTH_BASE_80,12,,,,,,
Сцена,Прочее,Основание(блин),Блин прямоугольный (по 2 штуки),,1м,SCN_OTH_BASE_1м,8,,,,,,
Сцена,Ферма серебрянная,Блок (8x6м),Скошенный блок стропильной системы крыши 8х6,,STROP,SCN_FARM(S)_BLOK(8х6)_STROP,4,,,,,,
Сцена,Ферма серебрянная,Блок (8x6м),Коньковой блок крыши 8х6м,,KONEK,SCN_FARM(S)_BLOK(8х6)_KONEK,2,,,,,,
Сцена,Ферма серебрянная,Блок (12х10м),Скошенный блок стропильной системы крыши 12х10,,STROP,SCN_FARM(S)_BLOK(12x10)_STROP,4,,,,,,
Сцена,Ферма серебрянная,Блок (12х10м),Коньковой блок крыши 12х10м,,KONEK,SCN_FARM(S)_BLOK(12x10)_KONEK,2,,,,,,
Сцена,Ферма серебрянная,Блок (7х5м),Блок регулировки высоты (копыта) черный,,KAPITO,SCN_FARM(S)_BLOK(7x5)_KAPITO,4,,,,,,
Сцена,Ферма серебрянная,Угловой блок,Блок с изменяемой геометрией под ферму K4-290,,ANGEL,SCN_FARM(S)_CORNER BLOCK_ANGEL,8,,,,,,
Сцена,Прочее,,Домкрат винтовой серебрянный на клэмпах,,LIFT_CLAMP,SCN_OTH_LIFT_CLAMP,8,,,,,,
Сцена,Прочее,,Домкрат винтовой серебрянный на полуконнекторах,,LIFT_CON,SCN_OTH_LIFT_CON,4,,,,,,
Сцена,Сценическая конструкция,Cистема подъёма,Каретка стандарт,,BOG_STRT,SCN_ROOF_LIFT_STM_BOG_STRT,11,,,,,,
Сцена,Сценическая конструкция,Cистема подъёма,Каретка удлиннённая ,,BOG_LRG,SCN_ROOF_LIFT_STM_BOG_LRG,2,,,,,,
Сцена,Прочее,,"Кейс для сборки сцены 8х6 и 10х12 
Комплект",,CASE_CON 1,SCN_OTH_CASE_CON 1,1,,,,,,
Сцена,Прочее,,Колесо,,WHEEL,SCN_OTH_WHEEL,24,,,,,,
Сцена,Прочее,,Колья,,KOLYA,SCN_OTH_KOLYA,8,,,,,,
Сцена,Сценическая конструкция,Cистема подъёма,Лапа для оснований,,,SCN_ROOF_LIFT_STM,24,,,,,,
Сцена,Подиум,Лестница,Лестница 5 ступеней,,5_STEP,SCN_PDM_STAIR_5_STEP,2,,,,,,
Сцена,Подиум,Лестница,Лестница 7 ступеней,,7_STEP,SCN_PDM_STAIR_7_STEP,2,,,,,,
Сцена,Подиум,Нога,"Нога 0,4 - 0,6",,"0,4-0,6","SCN_PDM_LEG_0,4-0,6",65,,,,,,
Сцена,Подиум,Нога,"Нога 0,8 - 1,2",,"0,8-1,2","SCN_PDM_LEG_0,8-1,2",72,,,,,,
Сцена,Подиум,Нога,"Нога 0,9 - 1,3",,"0,9-1,3","SCN_PDM_LEG_0,9-1,3",25,,,,,,
Сцена,Подиум,Нога,"Нога 1 - 1,6",,"1-1,6","SCN_PDM_LEG_1-1,6",116,,,,,,
Сцена,Сценическая конструкция,Cистема подъёма,Основание для сцены,,BASE,SCN_ROOF_LIFT_STM_BASE,6,,,,,,
Сцена,Подиум,Лестница,Перило для 5 ступеней,,5,SCN_PDM_STAIR_5,2,,,,,,
Сцена,Подиум,Лестница,Перило для 7 ступеней,,7,SCN_PDM_STAIR_7,2,,,,,,
Сцена,Подиум,OutDoor,"Подиум 1х0,5 Внешний",,"1x0,5","SCN_PDM_OUT_1x0,5",6,,,,,,
Сцена,Подиум,OutDoor,Подиум 1х1 Внешний,,1x1,SCN_PDM_OUT_1x1,2,,,,,,
Сцена,Подиум,InDoor,Подиум 1х1 Внутренний,,1x1,SCN_PDM_IN_1x1,6,,,,,,
Сцена,Подиум,OutDoor,"Подиум 2х0,5 Внешний",,"2x0,5","SCN_PDM_OUT_2x0,5",16,,,,,,
Сцена,Подиум,OutDoor,Подиум 2х1 Внешний,,2x1,SCN_PDM_OUT_2x1,72,,,,,,
Сцена,Подиум,InDoor,Подиум 2х1 Внутренний,,2x1,SCN_PDM_IN_2x1,28,,,,,,
Сцена,Ферма серебрянная,Усиленная,"Ферма (придаток) K4-290 0,25м серебрянный",,"0,25","SCN_FARM(S)_290_OB_0,25",24,,,,,,
Сцена,Ферма чёрная,Усиленная,"Ферма (придаток) K4-290 0,25м чёрный",,,SCN_FARM(B)_290_OB,8,,,,,,
Сцена,Крепление,Прочее,Система крепления колеса для мобильной сценической конструкции K4-290,,,SCN_FIX_OTH,4,,,,,,
Сцена,Труба,Прочее,Состыковка для труб серебрянная,,CON,SCN_PIPE_OTH_CON,18,,,,,,
Сцена,Ферма серебрянная,Блок (7х5м),Стропильная система для крыши 7х5,,,SCN_FARM(S)_BLOK(7x5),4,,,,,,
Сцена,Ферма серебрянная,Блок (8x6м),Стульчик K4-290 для поддержки тента крыши 8х6,,,SCN_FARM(S)_BLOK(8х6),4,,,,,,
Сцена,Ферма серебрянная,Блок (12х10м),Стульчик K4-390 для поддержки тента крыши 12х10,,,SCN_FARM(S)_BLOK(12x10),4,,,,,,
Сцена,Подиум,Лестница,"Ступенька 1х0,5х0,2",,"1х0,5х0,2","SCN_PDM_STAIR_1х0,5х0,2",1,,,,,,
Сцена,Сценическая конструкция,Cистема подъёма,Упор для основания каретки,,PIPE,SCN_ROOF_LIFT_STM_PIPE,24,,,,,,
Сцена,Ферма чёрная,Облегчённая,"Ферма K4-290 0,5м чёрная облегченная",,"0,5","SCN_FARM(B)_290_NB_0,5",8,,,,,,
Сцена,Ферма серебрянная,Столбовая,"Ферма K4-290 0,5м серебрянная столбовая",,"0,5","SCN_FARM(S)_290_OC_0,5",7,,,,,,
Сцена,Ферма серебрянная,Облегчённая,"Ферма K4-290 1,5м серебрянная облегченная",,"1,5","SCN_FARM(S)_290_NB_1,5",8,,,,,,
Сцена,Ферма чёрная,Облегчённая,"Ферма K4-290 1,5м черная облегченная",,"1,5","SCN_FARM(B)_290_NB_1,5",4,,,,,,
Сцена,Ферма серебрянная,Облегчённая,Ферма K4-290 2м серебрянная облегченная,,2,SCN_FARM(S)_290_NB_2,12,,,,,,
Сцена,Ферма серебрянная,Усиленная,Ферма K4-290 2м серебрянная усиленная,,2,SCN_FARM(S)_290_OB_2,6,,,,,,
Сцена,Ферма чёрная,Облегчённая,Ферма K4-290 2м черная облегченная,,,SCN_FARM(B)_290_NB,4,,,,,,
Сцена,Ферма серебрянная,Усиленная,Ферма 290 Куб серебристый,,CUBE,SCN_FARM(S)_290_OB_CUBE,8,,,,,,
Сцена,Ферма чёрная,Усиленная,Ферма 290 Куб черный,,CUBE,SCN_FARM(B)_290_OB_CUBE,2,,,,,,
Сцена,Ферма серебрянная,Угловой блок 390,"Угловой блок K4-390 0,6x0,6х0,6м",,"0,6x0,6x0,6","SCN_FARM(S)_CORNER BLOCK_390_0,6x0,6x0,6",4,,,,,,
Сцена,Ферма серебрянная,Радиусная,Фермовая радиусная конструкция К4-290 (1/4 круга диаметром 4м),,3,SCN_FARM(S)_RAD_3,8,,,,,,
Сцена,Ферма серебрянная,Столбовая,290 столбовая (Серебро),,4,SCN_FARM(S)_290_OC_4,14,,,,,,
Сцена,Ферма серебрянная,Усиленная,290 усиленная (Серебро),,4,SCN_FARM(S)_290_OB_4,8,,,,,,
Сцена,Ферма серебрянная,Облегчённая,290 облегчённая (Серебро),,4,SCN_FARM(S)_290_NB_4,8,,,,,,
Сцена,Прочее,,Вентилятор наполный Oazis vn 110B,,FAN_OAZIS,SCN_OTH_FAN_OAZIS,4,,,,,,
Сцена,Прочее,Пригруз,Еврокуб,В комплекте всегда чехол,CUBE,SCN_OTH_CARGO_CUBE,5,,,,,,
Сцена,Прочее,Палатка,"Каркас для палатки 4,5х3",,,SCN_OTH_PALATKA,3,,,,,,
Сцена,Крепление,Clamp X1,Клемп  одинарный чёрный,,,SCN_FIX_CLAMP_X1,263,,,,,,
Сцена,Крепление,Clamp X2,Клемп двойной черный,,Black,SCN_FIX_CLAMP_X2_Black,40,,,,,,
Сцена,Крепление,Clamp + Connector,Клемп с полуконнектором черный,короб 30,,SCN_FIX_CLAMP_CON,30,,,,,,
Сцена,Крепление,Clamp + Connector,Клемп с полуконнектором увеличенный 50мм,плюс в кейсе шлейфа,50,SCN_FIX_CLAMP_CON_50,8,,,,,,
Сцена,Крепление,Clamp X2,Клемп усиленный двойной серебро,2 короба по 24,STRONG(S),SCN_FIX_CLAMP_X2_STRONG(S),48,,,,,,
Сцена,Крепление,Коннектор,Комплект коннекторов чемодан 20шт,,20pc,SCN_FIX_СON_20pc,1,,,,,,
Сцена,Крепление,Коннектор,Комплект коннекторов чемодан 44шт,,44pc,SCN_FIX_СON_44pc,4,,,,,,
Сцена,Крепление,Полуконнектор,Комплект Полуконнекторов 24шт,,24pc,SCN_FIX_CON_HALF_24pc,4,,,,,,
Сцена,Крепление,Полуконнектор,Комплект Полуконнекторов 32шт,,32pc,SCN_FIX_CON_HALF_32pc,2,,,,,,
Сцена,Крепление,Прочее,Крепление для перевозки ферм,,TRANS,SCN_FIX_OTH_TRANS,63,,,,,,
Сцена,Крепление,Прочее,Крепления для ограждения,,FENC,SCN_FIX_OTH_FENC,65,,,,,,
Сцена,Прочее,Палатка,"Крыша для палатки 4,5х3 (белая)",,ROOF(W),SCN_OTH_PALATKA_ROOF(W),2,,,,,,
Сцена,Прочее,Палатка,"Крыша для палатки 4,5х3 (серая)",,ROOF(G),SCN_OTH_PALATKA_ROOF(G),1,,,,,,
Сцена,Подиум,Нога,Нога 20,,20,SCN_PDM_LEG_20,88,,,,,,
Сцена,Подиум,Нога,Нога 25,,25,SCN_PDM_LEG_25,32,,,,,,
Сцена,Подиум,Нога,Нога 50-70,,50-70,SCN_PDM_LEG_50-70,50,,,,,,
Сцена,Подиум,Нога,Переходная нога 20,,20P,SCN_PDM_LEG_20P,44,,,,,,
Сцена,Подиум,Нога,Переходная нога 25,,25P,SCN_PDM_LEG_25P,32,,,,,,
Сцена,Лебёдка,Система управления,Пульт управления лебёдкой 4 выхода,,OUT_4,SCN_MOVER_CPN_OUT_4,4,,,,,,
Сцена,Лебёдка,Система управления,Пульт управления лебёдкой 8 выходов,,OUT_8,SCN_MOVER_CPN_OUT_8,2,,,,,,
Сцена,Прочее,Ткань,"Раус сцены чёрного цвета 14х0,43",,"14x0,43","SCN_OTH_FAB_14x0,43",3,,,,,,
Сцена,Прочее,Ткань,"Раус сцены чёрного цвета 20х1,2",,"20x1,2","SCN_OTH_FAB_20x1,2",1,,,,,,
Сцена,Прочее,Ткань,"Раус сцены чёрного цвета 8х0,6",,"8x0,6","SCN_OTH_FAB_8x0,6",2,,,,,,
Сцена,Подъёмник,Прочее,Рога,,HEAD,SCN_LIFT_OTH_HEAD,8,,,,,,
Сцена,Лебёдка,Ручная,"Ручная таль 0,5т/6м",,6,SCN_MOVER_Hand_6,4,,,,,,
Сцена,Лебёдка,Ручная,"Ручная таль 0,5т/8м",,8,SCN_MOVER_Hand_8,3,,,,,,
Сцена,Лебёдка,Ручная,"Ручная таль 0,5т/9м",,9,SCN_MOVER_Hand_9,9,,,,,,
Сцена,Труба,BLACK,"Система крепления u-frame 0,85x0,85 (4 штуки)",,U_FRAME,SCN_PIPE_(B)_U_FRAME,4,,,,,,
Сцена,Прочее,Ремни и спанфиксы,Спанфикс,6 по 50 и 5 по 25,SPANFIX,SCN_OTH_BELT_SPANFIX,425,,,,,,
Сцена,Прочее,,Стакан 75мм,,"STAKAN 0,075","SCN_OTH_STAKAN 0,075",24,,,,,,
Сцена,Сценическая конструкция,Тент,Стенки из тента для односкатной крыши 5х4 с коньком,,5x4_SIDE,SCN_ROOF_TENT_5x4_SIDE,1,,,,,,
Сцена,Прочее,Ткань,Сумка с тряпками,,BAG,SCN_OTH_FAB_BAG,1,,,,,,
Сцена,Подъёмник,,Телескопический подъёмник EUROLight ST4000/85,,EUROLIGHT,SCN_LIFT_EUROLIGHT,4,,,,,,
Сцена,Подъёмник,,Телескопический подъёмник Hercules ST3000/40,,HERCULES,SCN_LIFT_HERCULES,2,,,,,,
Сцена,Подъёмник,,Телескопический подъёмник TAVR ST6000/320,,TAVR,SCN_LIFT_TAVR,4,,,,,,
Сцена,Труба,,Труба Т образная чёрная,,,SCN_PIPE,16,,,,,,
Сцена,Прочее,,Фонарь напольный,,LAMP,SCN_OTH_LAMP,2,,,,,,
Сцена,Прочее,Ремни и спанфиксы,"Ремень 9,5м",,9_5,SCN_OTH_BELT_9_5,0,,,,,,
Сцена,Прочее,Ремни и спанфиксы,"Ремень 15,5м",,15_5,SCN_OTH_BELT_15_5,0,,,,,,
Сцена,Прочее,Ремни и спанфиксы,Трещётка для ремня,,RATCHET,SCN_OTH_BELT_RATCHET,0,,,,,,
Сцена,Прочее,,Шарнирная пара,,SHARNIR,SCN_OTH_SHARNIR,17,,,,,,
Прочее,Ширма,,Ширма по 4,,4,OTH_FAB_SCRN_4,3,,,,,,
Прочее,Ширма,,Ширма по 6,,6,OTH_FAB_SCRN_6,1,,,,,,
Сцена,Лебёдка,Электрическая,Электирическая цепная лебёдка 1т 24м MODE 611,3 кейса по 2 штуки,MODE_611,SCN_MOVER_Elect_MODE_611,3,,,,,,
Сцена,Лебёдка,Электрическая,Электирическая цепная лебёдка 1т 24м MODE V6-R,4 кейса по 1 штуке,MODE_V6R,SCN_MOVER_Elect_MODE_V6R,4,,,,,,
Сцена,Лебёдка,Электрическая,Электирическая цепная лебёдка IP65 1т 24м SU,В деревянных ящиках,SU_IP65,SCN_MOVER_Elect_SU_IP65,8,,,,,,
Прочее,Прочее,,Кувалда,,HAMMER,OTH_OTH_HAMMER,2,,,,,,
Прочее,Стол,,Стол раскладной,,X2,OTH_DESK_X2,1,,,,,,
Прочее,Стул,,Стул складной,,,OTH_CHAIR,6,,,,,,
Электроснабжение,Защита,,Кабель канал 1х,,KKL1x,PWR_PRO_KKL1x,32,,,,,,
Электроснабжение,Защита,,Кабель канал 2х,,KKL2x,PWR_PRO_KKL2x,9,,,,,,
Электроснабжение,Защита,,Кабель канал 3х,,KKL3x,PWR_PRO_KKL3x,29,,,,,,
Кабель,Силовой,SCHUKO,Кабель Силовой,Кейс 12,5,CBL_PWR_SCH_5,13,,,,,,
Кабель,Силовой,SCHUKO,Кабель Силовой,Кейс 14,10,CBL_PWR_SCH_10,14,,,,,,
Кабель,Силовой,SCHUKO,Кабель Силовой,Короб 30 (Должно быть 31),1,CBL_PWR_SCH_1,30,,,,,,
Коннектор,Силовой,Harting - PowerCON,Брейк хартинг поверкон,,,CON_PWR_HarPwc,3,,,,,,
Кабель,Силовой,TruCON - SCHUKO,Кабель Силовой,короб 2,2,CBL_PWR_TruSch_2,2,,,,,,
Кабель,Силовой,TruCON - SCHUKO,Кабель Силовой,короб 2,1,CBL_PWR_TruSch_1,2,,,,,,
Кабель,Силовой,TruCON,"TruCON 3x1,5",короб 22,3,CBL_PWR_TRC_3,22,,,,,,
Кабель,Силовой,PowerCON - TruCON,Кабель Силовой,короб 22,2,CBL_PWR_PwcTrc_2,22,,,,,,
Кабель,Силовой,PowerCON - SCHUKO ,Кабель Силовой,Кейс 28 (должно быть 32),"1,5","CBL_PWR_PwcSch_1,5",28,,,,,,
Кабель,Силовой,PowerCON - SCHUKO ,Кабель Силовой,Кейс 12,"2,5","CBL_PWR_PwcSch_2,5",12,,,,,,
Кабель,Силовой,PowerCON - SCHUKO ,Кабель Силовой,Кейс 8,"3,5","CBL_PWR_PwcSch_3,5",8,,,,,,
Кабель,Силовой,"PowerCON3х2,5",Кабель Силовой,,5,"CBL_PWR_PWC3х2,5_5",2,,,,,,
Кабель,Силовой,"PowerCON3х2,5",Кабель Силовой,,30,"CBL_PWR_PWC3х2,5_30",3,,,,,,
Кабель,Силовой,"PowerCON3х2,5",Кабель Силовой,,3,"CBL_PWR_PWC3х2,5_3",8,,,,,,
Кабель,Силовой,"PowerCON3х2,5",Кабель Силовой,,25,"CBL_PWR_PWC3х2,5_25",9,,,,,,
Кабель,Силовой,"PowerCON3х2,5",Кабель Силовой,,20,"CBL_PWR_PWC3х2,5_20",9,,,,,,
Кабель,Силовой,"PowerCON3х2,5",Кабель Силовой,,15,"CBL_PWR_PWC3х2,5_15",4,,,,,,
Кабель,Силовой,"PowerCON3х2,5",Кабель Силовой,,10,"CBL_PWR_PWC3х2,5_10",5,,,,,,
Кабель,Силовой,"PowerCON3х1,5","PowerCON 3х1,5",кейс 50 + резерв 40,5,"CBL_PWR_PWC3х1,5_5",90,,,,,,
Кабель,Силовой,"PowerCON3х1,5","PowerCON 3х1,5",Кейс 140 + резерв 65,2,"CBL_PWR_PWC3х1,5_2",140,,,,,,
Кабель,Силовой,"PowerCON3х1,5","PowerCON 3х1,5",Кейс 40 + резерв 8,10,"CBL_PWR_PWC3х1,5_10",48,,,,,,
Кабель,Силовой,"PowerCON3х1,5","PowerCON 3х1,5",короб 100,1,"CBL_PWR_PWC3х1,5_1",100,,,,,,
Кабель,Силовой,Harting 4х12,Кабель Силовой,,5,CBL_PWR_H4x12_5,1,,,,,,
Кабель,Силовой,Harting 4х12,Кабель Силовой,,25,CBL_PWR_H4x12_25,1,,,,,,
Кабель,Силовой,Harting 4х12,Кабель Силовой,,20,CBL_PWR_H4x12_20,1,,,,,,
Кабель,Силовой,Harting 4х12,Кабель Силовой,,15,CBL_PWR_H4x12_15,2,,,,,,
Кабель,Силовой,Harting 4х12,Кабель Силовой,,10,CBL_PWR_H4x12_10,1,,,,,,
Кабель,Силовой,63А,Кабель Силовой,,30,CBL_PWR_63А_30,3,,,,,,
Кабель,Силовой,63А,Кабель Силовой,,20,CBL_PWR_63А_20,2,,,,,,
Кабель,Силовой,63А,Кабель Силовой,,10,CBL_PWR_63А_10,2,,,,,,
Кабель,Силовой,63А,Хвост 63А,,SOCKET,CBL_PWR_63А_SOCKET,4,,,,,,
Кабель,Силовой,32А,Кабель Силовой,,5,CBL_PWR_32А_5,1,,,,,,
Кабель,Силовой,32А,Кабель Силовой,,50,CBL_PWR_32А_50,1,,,,,,
Кабель,Силовой,32А,Кабель Силовой,,25,CBL_PWR_32А_25,2,,,,,,
Кабель,Силовой,32А,Кабель Силовой,,20,CBL_PWR_32А_20,3,,,,,,
Кабель,Силовой,32А,Кабель Силовой,,15,CBL_PWR_32А_15,2,,,,,,
Кабель,Силовой,32А,Кабель Силовой,,10,CBL_PWR_32А_10,2,,,,,,
Кабель,Силовой,32А,Хвост 32А,,SOCKET,CBL_PWR_32А_SOCKET,4,,,,,,
Кабель,Силовой,16А,Кабель Силовой,,25,CBL_PWR_16А_25,5,,,,,,
Кабель,Силовой,16А,Кабель Силовой,,20,CBL_PWR_16А_20,4,,,,,,
Кабель,Силовой,16А,Кабель Силовой,,15,CBL_PWR_16А_15,4,,,,,,
Кабель,Силовой,16А,Кабель Силовой,,10,CBL_PWR_16А_10,6,,,,,,
Кабель,Силовой,16А,Кабель Силовой,,5,CBL_PWR_16А_5,4,,,,,,
Кабель,Силовой,16А,Кабель Силовой,,4,CBL_PWR_16А_4,4,,,,,,
Кабель,Силовой,16А,Кабель Силовой,,3,CBL_PWR_16А_3,1,,,,,,
Кабель,Силовой,16А,Хвост 16А,,SOCKET,CBL_PWR_16А_SOCKET,3,,,,,,
Кабель,Силовой,16А,Кабель Силовой,,16/32,CBL_PWR_16А_16/32,2,,,,,,
Кабель,Силовой,16А,Кабель Силовой,,32/16,CBL_PWR_16А_32/16,2,,,,,,
Электроснабжение,Оборудование,Бесперебойник,Бесперебойник 1000,,1000,PWR_EQP_UPS_1000,1,,,,,,
Электроснабжение,Оборудование,Бесперебойник,Бесперебойник 300,,300,PWR_EQP_UPS_300,1,,,,,,
Коннектор,Силовой,,Брейк PowerCON - Shuko,,,CON_PWR,2,,,,,,
Электроснабжение,Распределитель питания,16А,Силовой распределитель питания 16А (380V) PowerCON,,PowerCON,PWR_PDU_16А_PowerCON,2,,,,,,
Электроснабжение,Распределитель питания,16А,Силовой распределитель питания 16А (380V) Shuko,,Shuko,PWR_PDU_16А_Shuko,2,,,,,,
Электроснабжение,Распределитель питания,32А,Силовой распределитель питания 32А (380V) ГРИБ,,ГРИБ,PWR_PDU_32А_ГРИБ,1,,,,,,
Электроснабжение,Распределитель питания,32А,Силовой распределитель питания 32А (380V) PowerCON,,PowerCON,PWR_PDU_32А_PowerCON,1,,,,,,
Электроснабжение,Распределитель питания,32А,Силовой распределитель питания 32А (380V) Shuko,,Shuko,PWR_PDU_32А_Shuko,1,,,,,,
Электроснабжение,Распределитель питания,63А,Силовой распределитель питания 63А (380V),,,PWR_PDU_63А,2,,,,,,
Звук,Оборудование,БекЛайн,Кейс Ди бокс,"active 2 ch di-box di20 - 3
active 1 ch di-box di33 - 4
Battery tester BT188 -1 
Комплект батареек ААА (10 шт) -1
Батарейка ""Крона"" - 4 шт
Комплект батареек АА (28 шт) -1
Тейп зелёный - 1
Тейп чёрный - 1
Вокальный микровон AKG D5 - 1
Инструментальный микрофон SENNHEIZER E904 - 3
Инструментальный микрофон SENNHEIZER E614 - 2
Двухканальный проводной ушной мониторинг  ROCKBOARD HA3 - 1
Одноканальный проводной ушной мониторинг  ROCKBOARD HA2 - 2
Инструментальный микрофон Shure SM57 - 1
Микрофон для бас бочки  Shure Beta 91A - 1
Микрофон для бас бочки  Shure Beta 52A - 1
Вокальный микрофон SHURE SM58 -1
Микрофонный держатель - 3
Крепление для микрофона Shure A56D - 1
Сетевой кабель IEC C13 - 1
Переходник JACK 6.3 / XLR Male - 3
Переходник JACK 6.3 / XLR Female - 4
JACK 6.3 2m - 4
JACK 6.3 5m - 4
2х JACK 6.3 / JACK 3.5 - 1
Планшет Aipad 10"" - 1
Зарядка для планшета - 1",DiBox1,SND_EQP_BCK_DiBox1,1,,,,,,
Звук,Оборудование,БекЛайн,Кейс Ди бокс,"active 2 ch di-box di20 - 3
active 1 ch di-box di33 - 4
Pass 1 ch DiBox PAN01 - 2
Battery tester BT188 -1 
Комплект батареек ААА (10 шт) -1
Батарейка ""Крона"" - 4 шт
Комплект батареек АА (28 шт) -1
Тейп зелёный - 1
Тейп чёрный - 1
Комплект переходников - 1
Инструментальный микрофон SENNHEIZER E904 - 3
Конденсаторный микрофон Shure SM81 - 2
Двухканальный проводной ушной мониторинг  ROCKBOARD HA3 - 1
Одноканальный проводной ушной мониторинг  ROCKBOARD HA2 - 2
Инструментальный микрофон Shure SM57 - 1
Микрофон для бас бочки  Shure Beta 91A - 1
Микрофон для бас бочки  Shure Beta 52A - 1
Вокальный микрофон SHURE SM58 -1
Микрофонный держатель - 3
Крепление для микрофона Shure A56D - 1
Сетевой кабель IEC C13 - 1
Переходник JACK 6.3 / XLR Male - 3
Переходник JACK 6.3 / XLR Female - 4
JACK 6.3 2m - 4 
JACK 6.3 5m - 4
JACK 6.3 3m - 2
2х JACK 6.3 / JACK 3.5 - 1
Планшет Aipad 10"" - 1
Зарядка для планшета - 1
Наушники QKZ - 1",DiBox2,SND_EQP_BCK_DiBox2,1,,,,,,
Коннектор,Силовой,Брейк,Брейк 16А - PowerCON,,16А_PWC,CON_PWR_BREAK_16А_PWC,6,,,,,,
Коннектор,Силовой,Брейк,Брейк 16А - SHUKO,,16А_SHK,CON_PWR_BREAK_16А_SHK,10,,,,,,
Коннектор,Силовой,Брейк,Брейк 32А - SHUKO,,32А_SHK,CON_PWR_BREAK_32А_SHK,2,,,,,,
Коннектор,Силовой,Брейк,Брейк 32А тройник,,32А_Х3,CON_PWR_BREAK_32А_Х3,2,,,,,,
Коннектор,Силовой,Карабулька,Карабулька STANDART,,SDRT,CON_PWR_BOX_SDRT,12,,,,,,
Коннектор,Силовой,Карабулька,Карабулька X1 SHUKO,,X1,CON_PWR_BOX_X1,14,,,,,,
Коннектор,Силовой,Карабулька,Карабулька X2 SHUKO,,X2,CON_PWR_BOX_X2,8,,,,,,
Коннектор,Сигнальный,Сплиттер Х6,Сплиттер X6 (бочонок),,,CON_SIG_SPLTR_X6,17,,,,,,
Коннектор,Сигнальный,,Состыковка,,,CON_SIG,140,,,,,,
Сцена,Труба,BLACK,Труба с клемпом чёрная ,,"0,5CLAMP","SCN_PIPE_(B)_0,5CLAMP",16,,,,,,
Сцена,Крепление,Clamp X2,Клемп усиленный двойной черный,,,SCN_FIX_CLAMP_X2,24,,,,,,